"Station","Start","End","Dist","Type"
"ATTC- Nkrumah Circle_23095ACC",2006,2023,"Ga Central","Rainfall"
"Abakoase_21063ABA",1972,1975,"Atiwa East","Rainfall"
"Abamkrome_23075ABA",1965,1970,"Prestea-Huni Valley","Rainfall"
"Abenase_21000ABE",1939,1990,"Akyemansa","Rainfall"
"Abesewa Gyaman_18024ABE",1982,2008,"Wassa Amenfi East","Rainfall"
"Abetifi-Kwahu_14042ABE",1963,2018,"Kwahu East","Climate"
"Abetifi_14000ABE",1939,2017,"Kwahu East","Rainfall"
"Abetifi_14067ABE",1976,2023,"Kwahu East","Synoptic"
"Aboantem_14021ABW",1965,2019,"Ejura-Sekyedumase","Rainfall"
"Abofour_17000ABO",1956,2002,"Offinso","Rainfall"
"Abokobi_23000ABO",1956,2006,"Ga East","Rainfall"
"Abomosu_21035ABO.1",1935,1961,"Shai Osudoku","Agromet"
"Abomosu_21035ABO.2",1935,1961,"Shai Osudoku","Rainfall"
"Abor_23047ABO",1953,1981,"Keta","Rainfall"
"Aboso_18039ABO.1",1939,1982,"Prestea-Huni Valley","Climate"
"Aboso_18039ABO.2",1939,1982,"Prestea-Huni Valley","Rainfall"
"Abra_18025ABR",1961,2000,"Ahanta West","Rainfall"
"Abrafo-Odumase_23043ABR",1963,1979,"Twifo/Heman/Lower Denkyira","Rainfall"
"Abrem Agona_17004ABR",1954,1979,"KEEA Municipal","Rainfall"
"Abrumase_07001ABR",1961,1964,"East Gonja","Rainfall"
"Abura-Dunkwa_23003ABU",1958,1989,"Abura / Asebu / Kwamankese","Rainfall"
"Aburi_23029ABU.1",1891,2023,"Akuapem South","Agromet"
"Aburi_23029ABU.2",1891,2023,"Akuapem South","Climate"
"Aburi_23069ABU",1965,1973,"Akuapem South","Climate"
"Aburi_23079ABU",1966,1975,"Akuapem South","Rainfall"
"Abutia Teti_07010ABU",1954,1990,"Ho West","Rainfall"
"Accra Academy_23094ACC",1963,2023,"Accra Metropolitan","Rainfall"
"Accra-Korle Bu_23004KOR",1954,2017,"Ablekuma South Metropolitan","Rainfall"
"Accra_23088SFA",1987,2017,"Awutu Senya East","Rainfall"
"Achiase_19049ACH",1939,2023,"Wassa Amenfi East","Rainfall"
"Achichere_16000ACH",1956,2012,"Wassa Amenfi Central","Rainfall"
"Achimota_23005ACH",1936,1972,"Ayawaso East","Climate"
"Achimota_23082ACH",1964,2018,"Ayawaso East","Climate"
"Ada_23002ADA",1950,2023,"Dangme East","Synoptic"
"Adaklu Abalonu_15012ADA",1955,1987,"Adaklu","Rainfall"
"Adaklu Aboadi_07011ABO",1955,1983,"Adaklu","Rainfall"
"Adaklu Waya_15013WAY",1955,1984,"Adaklu","Rainfall"
"Adamanso_18001ADA",1956,1977,"Wassa Amenfi East","Rainfall"
"Adamso_17002ADA",1956,2021,"Jaman South","Rainfall"
"Adawso Akwapim_14030AKW",1956,1963,"Akuapem North","Rainfall"
"Adawso Kwahu_14001KWA",1954,1980,"Kwahu South","Rainfall"
"Adeiso_22023ADE",1939,1996,"Upper West Akim","Rainfall"
"Adenta_23006ADE",1955,1964,"Madina","Rainfall"
"Adidome_07030ADI",1954,1975,"Central Tongu","Rainfall"
"Adidome_07062ADI",1964,2023,"Central Tongu","Agromet"
"Adina_23000ADI",1955,1983,"Ketu South","Rainfall"
"Adjuafua_10002AJU",1972,1978,"Bia West","Rainfall"
"Adjum_16013ADJ",1971,1985,"Aowin","Rainfall"
"Adubia Manso_17027ADU",1955,2019,"Amansie West","Agromet"
"Adubia Manso_17027EDU",1976,2019,"Amansie West","Agromet"
"Adumadum_07009ADU",1961,1980,"Krachie East","Rainfall"
"Aduman_17049ADU",1971,1983,"Dangme East","Rainfall"
"Adumasa_14000ADU",1952,1981,"Asuogyaman","Rainfall"
"Adutor_23018ADU",1963,1981,"South Tongu","Rainfall"
"Afiadenyigba_23048AFI",1955,2019,"Keta","Rainfall"
"Afienya_23071AFI",1964,2018,"Ningo Prampram","Agromet"
"Afife-Weta_23067AFI",1968,2013,"Ketu North","Agromet"
"Aflao_23001AFL",1954,1974,"Ketu South","Rainfall"
"Aflao_23002AFL",1953,1985,"Ketu South","Rainfall"
"Aframso No. 2_14019AFR",1964,1966,"Sekyere Central","Rainfall"
"Agbagorme_15049AGB",1955,1987,"South Tongu","Rainfall"
"Agbosome_23003AGB",1953,1982,"Ketu South","Rainfall"
"Agogo_20003AGO",1935,2013,"Asante Akim North","Climate"
"Agomeda_07021AGO",1965,1984,"Shai Osudoku","Rainfall"
"Agona Abodom_23037AGO",1954,2005,"Agona East","Rainfall"
"Agona Ahanta_23004AGO",1955,2016,"Agona West","Rainfall"
"Agona Ashanti_17020AGO",1933,1984,"Sekyere South","Rainfall"
"Agona Swedru_23038AGO.1",1963,1975,"Agona West","Climate"
"Agona Swedru_23038AGO.2",1963,1975,"Agona West","Rainfall"
"Agona Swedru_23066AGO",1970,2022,"Agona West","Climate"
"Aguna Amenfi_16029AGU",1972,1975,"Wassa Amenfi Central","Rainfall"
"Ahibenso_10022AHI",1972,2004,"Bodi","Rainfall"
"Ahunda Adaklu_07031AHU",1963,2006,"Adaklu","Climate"
"Ajena New_07064AJE",1965,1980,"Asuogyaman","Rainfall"
"Akaa_07000AKA",1956,2006,"Jasikan","Climate"
"Akatsi School_15051AKA",1955,2019,"Akatsi South","Agromet"
"Akatsi_15076AKA",1980,2023,"Akatsi South","Synoptic"
"Akim Akroso_23057AKR",1959,2013,"Asene Manso Akroso","Rainfall"
"Akim Oda_21022ODA",1943,1973,"Birim Central","Rainfall"
"Akim Oda_21081ODA",2015,2018,"Birim Central","Rainfall"
"Akim Oda_21088ODA",1972,2023,"Birim Central","Synoptic"
"Akokoa_12003AKO",1948,2021,"Atebubu-Amantin","Rainfall"
"Akokoaso_19001AKO",1939,2023,"Akyem Mansa","Agromet"
"Akorabo_14058AKO",1965,1990,"Ayensuano","Rainfall"
"Akosombo_07059AKO",1963,2023,"Asuogyaman","Agromet"
"Akpafu Todzi_07001AKP",1928,2017,"Jasikan","Rainfall"
"Akplabanya_23025AKP",1975,1986,"Ada West","Rainfall"
"Akrofuom Assin_23005ASS",1956,2002,"Akrofuom","Rainfall"
"Akrokerri_17021AKR",1952,2020,"Adansi North","Climate"
"Akrokerri_17040AKR",1963,2018,"Adansi North","Climate"
"Akropong Akim_21035AKO",1961,2001,"Atiwa West","Rainfall"
"Akropong Akwapim_10062AKR",1968,2018,"Akwapem North","Climate"
"Akropong Akwapim_14062AKR",1963,2022,"Akwapem North","Climate"
"Akropong Wassaw_18002WAS",1959,2016,"Akwapem North","Agromet"
"Akroso_07020FER",1953,2015,"Asene Manso Akroso","Rainfall"
"Akuma_11006AKU",1954,1968,"Ejura-Sekyedumase","Rainfall"
"Akumadan_16001AKU",1957,2005,"Offinso North","Rainfall"
"Akuse_07003AKU",1944,2023,"Yilo Krobo","Synoptic"
"Akwantambra_23021AKW",1972,1991,"Sefwi Akontombra","Rainfall"
"Alavanyo Abehenease_07027ALA",1974,1996,"Kwahu Afram Plains South","Rainfall"
"Amankwakrom_07024AMA.1",1966,1986,"Kwahu Afram Plains North","Agromet"
"Amankwakrom_07024AMA.2",1966,1986,"Kwahu Afram Plains North","Climate"
"Amate_14055AMA",1965,1983,"Fanteakwa North","Rainfall"
"Amedzofe_07014AME",1928,1976,"Ho West","Rainfall"
"Amedzofe_07060AME",1963,2019,"Ho West","Climate"
"Amelorkope_07032AME.1",1956,1981,"Central Tongu","Rainfall"
"Amelorkope_07032AME.2",1956,1981,"Central Tongu","Climate"
"Amentia_19022AME",1953,1994,"Asante Akim South","Climate"
"Amidoekor_07006AME",1955,2011,"Dangme East","Rainfall"
"Amissano_23049AMI",1998,2006,"KEEA Municipal","Rainfall"
"Amoamang_14016AMO",1964,1968,"Sekyere Central","Rainfall"
"Ampaam New_14051AMP",1965,1985,"Kwahu South","Agromet"
"Ampenkro_20046AMP",1970,1976,"Twifo Hemang Lower Denkyira","Rainfall"
"Amrahia_23083AMR",1976,2018,"Ningo/ Prampram","Rainfall"
"Ananikrom_18002ANA",1952,2013,"Wassa Amenfi East","Rainfall"
"Anfoega Akukome_07025ANF",1955,2002,"North Dayi","Rainfall"
"Angu_23025ANG",1950,1976,"Mpohor","Rainfall"
"Ankaase_19023ANK",1953,1988,"Bosome Freho","Rainfall"
"Ankaful_23006ANK",1950,1986,"KEEA Municipal","Rainfall"
"Ankako_23041ANK",1963,1987,"Twifo Hemang Lower Denkyira","Rainfall"
"Ankobra_18003ANK",1955,1965,"Prestea- Huni Valley","Rainfall"
"Anloga_23003ANL",1956,2023,"Anloga","Rainfall"
"Antoakrom_17024ANT",1953,2006,"Amansie West","Rainfall"
"Anum_07004ANU",1954,2022,"Anum","Rainfall"
"Anyaboni New_14052ANY",1965,1990,"Upper Manya","Rainfall"
"Anyako_23011ANY",1955,2006,"Keta Municipal","Rainfall"
"Anyinam_21011ANY",1912,1998,"Atiwa East","Rainfall"
"Anyinasi_23013AIY",1953,2015,"Nzema East","Agromet"
"Apam_23016APA",2012,2015,"Gomoa West","Rainfall"
"Apam_23039APA",1968,1971,"Gomoa West","Rainfall"
"Apam_23061APA",1963,2016,"Gomoa West","Climate"
"Apedua_22012APE",1954,2006,"East Akim","Rainfall"
"Aperadi_19036APE",1960,2017,"Birim South","Rainfall"
"Apinamang_21046API",1965,1980,"Kwaebibirem","Rainfall"
"Asafo Akim_22062ASA",1972,1996,"Abuakwa South","Rainfall"
"Asamama_21048ASA",1964,1975,"Atiwa West","Rainfall"
"Asamankese_23018ASA",1952,2022,"West Akim","Climate"
"Asamankese_23024ASA",1953,2020,"West Akim","Rainfall"
"Asankragwa_16004ASA",1953,2013,"Amenfi West","Rainfall"
"Asankran Dunkwa_16023ASA",1960,1979,"Upper Denkyira East","Rainfall"
"Asante Krom (Dodi)_07075ASA",1973,2010,"Asuogyaman","Agromet"
"Asebu_23007ASE",1941,2001,"Abura Asebu Kwamankese","Climate"
"Asebu_23038ASE",1943,2001,"Abura Asebu Kwamankese","Rainfall"
"Asempaneye_10023ASE",1972,1980,"Juaboso","Rainfall"
"Asesewa_14045ASE",1963,2014,"Upper Manya","Agromet"
"Ashanti-Mampong_14009MAM",1936,2020,"Mampong","Climate"
"Ashanti-Mampong_14010MAM",1950,2018,"Mampong","Rainfall"
"Ashiaman_23008ASH",1953,1976,"Ashaiman","Rainfall"
"Ashiaman_23085ASH",1968,1982,"Ashaiman","Agromet"
"Asidowhui_23007ASI",1955,1985,"South Tongu","Rainfall"
"Assin Bereku_20008ASS",1956,1987,"Assin North","Rainfall"
"Assin Darmang_18028ASS",1954,1981,"Assin South","Rainfall"
"Assin Foso_20009FOS",1956,2022,"Assin Fosu","Climate"
"Assin Manso_23045ASS",1969,1979,"Assin South","Rainfall"
"Assin Nyankumasi_20009ASS",1976,2013,"Assin Nyankomase","Climate"
"Asuakaw_07014ASU",1965,1984,"Asuakaw","Rainfall"
"Asuansi_23011ASU",1912,2019,"Abura Asebu Kwamankese","Climate"
"Asuboi_22025ASU",1953,1996,"Suhum/Kraboa/Coaltar","Rainfall"
"Asunso_20025ASU",1976,2018,"Dormaa Municipal","Rainfall"
"Asuom_21013ASU",1956,2001,"Kwaebibirem","Rainfall"
"Asutsuare_07063ASU",1964,2023,"Asutuare","Agromet"
"Asutsuare_07070ASU",1972,2022,"Asutuare","Agromet"
"Atebubu_11002ATE",1953,2022,"Atebubu-Amantin Municipal","Climate"
"Atiavi_23005ATI",1956,1989,"Keta Municipal","Rainfall"
"Atieku_18026ATI",1944,2015,"Wassa East","Climate"
"Atroni_16003ATR",1991,2004,"Dormaa East","Rainfall"
"Atuabo_23000ATU",1954,1965,"Jomoro","Rainfall"
"Atuna_20024ATU",2006,2006,"Jaman","Rainfall"
"Avedotoe_07033AVE",1976,1980,"Central Tongu","Rainfall"
"Aveyime_07034AVE",1963,2018,"North Tongu","Agromet"
"Avrebo_18006AVR",1976,1982,"Nzema East","Rainfall"
"Awaso_18009AWA",1959,1985,"BAB Municipal","Rainfall"
"Axim_23001AXM.1",1950,2022,"Nzema East Municipal","Synoptic"
"Axim_23001AXM.2",1950,2022,"Nzema East Municipal","Climate"
"Ayensuako_23021AYR",1956,1979,"Awutu Senya","Rainfall"
"Ayikuma_23073AYI",1965,1981,"Shai Osudoku","Rainfall"
"Ayirebi_19050AYI",1972,2018,"Akyemansa","Rainfall"
"Babile_01000BAB",1948,2022,"Jirapa","Agromet"
"Baglo_07003BAG",1955,1980,"Sekyere Afram Plains North","Rainfall"
"Bamboi_01004BAM",1961,2005,"Bole","Rainfall"
"Bana Hill_07040BAN",1961,1977,"Lower Manya","Rainfall"
"Banda_01000BAN",1954,1982,"Banda","Rainfall"
"Banko_08005BAN",1954,1984,"Sekyere Kumawu","Rainfall"
"Banko_14034BAN",1952,2002,"Sekyere Kumawu","Rainfall"
"Barekese_17044BAR",1965,2006,"Atwima Nwabiagya","Climate"
"Basa_12003BAS",1953,1987,"Sene West","Rainfall"
"Bawku_04000BAW",1927,2009,"Bawku Municipal","Rainfall"
"Bechem_16004BEC",1951,2021,"Tano South","Climate"
"Bedeku_23026BED",1975,1982,"Ada East","Rainfall"
"Begoro_14014BEG",1949,2022,"Fanteakwa","Climate"
"Bejamso_07006BEJ",1956,1984,"Krachi West","Rainfall"
"Bekwai - Ashanti_17025BEK",1934,2020,"Bekwai Municipal","Climate"
"Bekwai-Ashanti_17025BEK",1934,2020,"Bekwai Municipal","Climate"
"Benchema_10003BEN",1956,2000,"Juabeso","Rainfall"
"Bende_09001BEN",1956,1980,"Bunkpurugu Nakpanduri","Rainfall"
"Benso_23027BEN",1951,2019,"Mpohor","Climate"
"Bepoase_22026BEP",1956,1985,"Sekyere South","Rainfall"
"Berekum_01005BER",1948,2019,"Berekum Municipal","Climate"
"Bibiani_16004BIB",1950,2016,"BAB Municipal","Climate"
"Bieni_21053BIE",1960,2023,"Achiase","Rainfall"
"Bimbila_09006BIM",1957,2021,"Bimbila","Rainfall"
"Binaba_04000BIN",1954,1965,"Bawku West","Rainfall"
"Binduri_04002BIN",1954,1976,"Binduri","Rainfall"
"Binduri_04030BIN",1976,2017,"Binduri","Agromet"
"Bisa_14027BIS",1939,2001,"Upper Manya","Rainfall"
"Biseasi_23033BIS",1955,2006,"Ajumako Enyan","Rainfall"
"Boakyekrom_14081BOA",1979,2013,"Kwahu Afram Plains South","Rainfall"
"Bobiri_19004BOB",1951,2019,"Ejisu Juaben Municipal","Agromet"
"Bodom_11014BOD",1965,2006,"Nkoranza North","Rainfall"
"Bodwesango_17026BOD",1953,1985,"Adansi Asokwa","Rainfall"
"Bogoso_18005BOG",1950,2014,"Prestea- Huni Valley","Climate"
"Bogoso_18027BOG",1937,1971,"Prestea- Huni Valley","Climate"
"Bole_07000BOL",1944,2023,"Bole","Synoptic"
"Bolgatanga_04003BOL",1954,2021,"Bolgatanga Municipal","Agromet"
"Bolgatanga_04027BOL",1975,2022,"Bolgatanga Municipal","Agromet"
"Bompata_19005BOM",1956,2019,"Asante Akim South Municipal","Rainfall"
"Bondaye_18006BON.1",1939,1976,"Prestea- Huni Valley","Rainfall"
"Bondaye_18006BON.2",1939,1976,"Prestea- Huni Valley","Climate"
"Bongo_04004BON",1956,1991,"Bongo","Rainfall"
"Bonyere_23014BON",1954,1979,"Jomoro Municipal","Rainfall"
"Bopa_16020BOP",1971,1976,"Sefwi Akontombra","Rainfall"
"Borae_18010BOR",1966,1981,"Krachi Nchumuru","Rainfall"
"Boso_07061BOS",1972,2022,"Asuogyaman","Climate"
"Bosuso_21036BOS",1960,1997,"Fanteakwa","Rainfall"
"Boti Falls_14073BOT",2006,2010,"Okere","Rainfall"
"Botoku_07073BOT",1976,2019,"North Dayi","Climate"
"Bowiri Odumase_07023BOW",1980,1980,"Biakoye","Rainfall"
"Brakwa_23034BRA",1955,1977,"Asikuma-Odoben-Brakwa","Rainfall"
"Branam Camp_01031BRA",1972,2008,"Wenchi Municipal","Rainfall"
"Breman Asikuma_23032ASI",1939,2019,"Asikuma-Odoben-Brakwa","Agromet"
"Breniase_07000BRE",1956,2006,"Nkwanta South Municipal","Rainfall"
"Brimso_23012BRI",1953,2019,"Abura Asebu Kwamankese","Climate"
"Brofoyedru_17032BRO",1952,2019,"Adansi Asokwa","Rainfall"
"Buaku_16005BUA",1953,2001,"Bawku East",""
"Bugri_09005BUG",1956,1983,"Tempane","Rainfall"
"Bui_01001BUI",1954,2018,"Banda","Agromet"
"Buipe_01002BUI",2004,2019,"Central Gonja","Rainfall"
"Bunkpurugu_09001BUK",1956,1982,"Bunkpurugu-Yunyoo","Rainfall"
"Bunso_09001BUN",1956,1982,"Abuakwa North","Rainfall"
"Bunso_21015BUN",1954,2018,"Abuakwa North","Agromet"
"Busa_01006BUS",1955,2016,"Daffiama-Bussie-Issa","Rainfall"
"Busunu_03000BUS",1953,1983,"West Gonja","Rainfall"
"Cape Coast_23000CAP.1",1960,1972,"Cape Coast","Climate"
"Cape Coast_23000CAP.2",1960,1972,"Cape Coast","Rainfall"
"Cape Coast_23013CAP",1962,2018,"Cape Coast","Climate"
"Cape Coast_23044CAP",1966,2022,"Cape Coast","Climate"
"Cape Coast_23048CAP",1973,2022,"Cape Coast","Agromet"
"Charikpong_01014CHA",1994,2011,"Nadowli-Kaleo","Rainfall"
"Chereponi_09003CHE",1963,2011,"Chereponi","Rainfall"
"Chinderi_07007CHI.1",1955,1967,"Krachi Nchumuru","Rainfall"
"Chinderi_07007CHI.2",1955,1967,"Krachi Nchumuru","Climate"
"Chiraa_01006CHI",1956,2021,"Chiraa","Rainfall"
"Dabala_07008DAB",1954,1982,"Dabala","Rainfall"
"Daboasi_16028DAB",1969,2003,"Wassa East","Rainfall"
"Daboya_04009DAB",1990,2012,"North Gonja","Rainfall"
"Dadieso_10001DAD",1968,2002,"Suaman","Rainfall"
"Dafiema_01007DAF",1954,2015,"Daffiama-Bussie-Issa","Rainfall"
"Dagonkade_08001DAG",1955,1979,"North East Gonja","Rainfall"
"Dakpe_15015DAK",1953,1983,"Akatsi North","Rainfall"
"Dambai_09001DAM",1956,2019,"Krachi East Municipal","Rainfall"
"Damongo_01001DAM.1",1952,2021,"West Gonja","Rainfall"
"Damongo_01001DAM.2",1952,2021,"West Gonja","Climate"
"Damongo_01002DAM",1953,2019,"West Gonja","Rainfall"
"Danfa_23086DAN",1965,1984,"Ga East","Rainfall"
"Dawhenya_23056DAW",1976,1982,"Ningo Prampram","Rainfall"
"Dawurampong_23040DAW",1954,1982,"Gomoa West","Rainfall"
"Debibi_01007DEB",1955,1982,"Tain","Rainfall"
"Dede Sawirako_14066DED",1978,1982,"Fanteakwa North","Rainfall"
"Dededo (Tiam-Awalime)_07042DED",1958,1986,"North Tongu","Rainfall"
"Dedeso_07002DED",1954,1982,"Fanteakwa","Rainfall"
"Demon_09003DEM",1975,1984,"Saboba","Rainfall"
"Denkyira Asikuma_18014DEN",1956,1985,"Asikuma Odoben Brakwa","Rainfall"
"Denu_23006DEN",2005,2008,"Ketu South","Rainfall"
"Diabakrom_10029DIA",1964,2002,"Dormaa West","Rainfall"
"Diaso_18000DIA",1956,1980,"Upper Denkyira West","Rainfall"
"Dixcove_23007DIX",1965,2016,"Ahanta West","Rainfall"
"Doba_04013DOB",1969,1971,"Kassena-Nankana","Rainfall"
"Dodo Amanfro_07022DOD",1962,1983,"Kajebi","Rainfall"
"Dodowa_23009DOD",1955,2004,"Shai Osudoku","Rainfall"
"Dodowa_23064DOD",1974,1989,"Shai Osudoku","Rainfall"
"Domenase_14056ODO",1965,1978,"Fanteakwa North","Rainfall"
"Dompin No. 1_19050DOM",2002,2018,"Shama","Rainfall"
"Dompoasi_17048DOM",1970,1979,"Adansi North","Rainfall"
"Donkorkrom_13000DON",1954,2015,"Kwahu North","Climate"
"Donkoro Nkwanta_11013DON",1965,2016,"Nkoranza South","Rainfall"
"Dorimon_01009DOR",1956,2020,"Wa West","Rainfall"
"Dormaa Ahenkro_20008DOR",1956,1968,"Dormaa Ahenkro","Climate"
"Dormaa Ahenkro_20009DOR",1952,2019,"Dormaa Ahenkro","Rainfall"
"Dormaa Ahenkro_20021DOR",1976,2021,"Dormaa Ahenkro","Climate"
"Drabonso_14017DRA",1965,2007,"Sekyere Afram Plains North","Rainfall"
"Duayaw Nkwanta_16010DUA",1956,2021,"Tano North","Rainfall"
"Duffor Adidome_07035DUF",1956,1975,"Shai Osudiku","Rainfall"
"Dukusen_14070DUK",2003,2004,"Asante Akim North","Rainfall"
"Dunkwa_17015DUN",1939,2019,"Upper Denkyira East","Climate"
"Dunkwa_17016DUN",1939,2019,"Upper Denkyira East","Rainfall"
"Dzita_23017DZI",1962,1980,"Keta Municipal","Rainfall"
"Dzolokpuita_15016DZO",1955,1985,"Ho West","Rainfall"
"Effiduasi_19017EFI",1933,2016,"Sekyere East","Climate"
"Ehie_23004EHI",1956,1981,"Ketu Municipal","Rainfall"
"Eikwe_23002EIK",1954,1978,"Ellembelle","Rainfall"
"Ejura_14004EJU.1",1944,2023,"Ejura Sekyedumase","Climate"
"Ejura_14004EJU.2",1944,2023,"Ejura Sekyedumase","Agromet"
"Ekrawfo_23060EKR",1963,1981,"Ekumfi","Rainfall"
"Elmina_23024ELM",1976,2013,"Edina","Climate"
"Elubo_16015ELU",1953,2015,"Jomoro","Rainfall"
"Enchi_16007ENC",1954,2016,"Aowin","Climate"
"Enyan Nkodwo_23035ENY",1954,1992,"Ajumako-Enyan-Essiam","Rainfall"
"Esiam_23070ESI",1965,1983,"Enyan","Rainfall"
"Esiama_23003ESI",1930,2003,"Nzema East","Climate"
"Esuaso_18029ESU",1950,1972,"Na","Rainfall"
"Fawade_17054FAW",1992,2005,"Afigya Kwabre South","Rainfall"
"Fiasi (Tease)_14009FIA",2013,2013,"Kwahu Afram Plains South","Rainfall"
"Fomena_17029FOM",1937,1987,"Adansi North","Rainfall"
"Forifori_14057FOR",1966,2016,"Kwahu Afram Plains South","Climate"
"Foso-North_20018FOS",1953,2013,"Assin Central Municipal","Rainfall"
"Frankadua_07005FRA",1955,2000,"Central Tongu","Rainfall"
"Fumbisi_02001FUM",1956,2002,"Bulsa South","Rainfall"
"Fumso_17028FUM",1958,2007,"Adansi Asokwa","Rainfall"
"Funsi_02008FUN",1955,2013,"Wa East","Rainfall"
"Fwefwe_14003FWE",1976,1978,"Kwahu East","Rainfall"
"Galotse_23009GAL",1955,1975,"South Tongu","Rainfall"
"Gambaga_06006GAM",1944,2012,"East Mamprusi","Rainfall"
"Garu_04007GAR",1954,2019,"Garu-Tempane","Rainfall"
"Garu_04031GAR",1976,2022,"Garu-Tempane","Agromet"
"Goaso_16010GOA.1",1954,2021,"Asunafo North Municipal","Agromet"
"Goaso_16010GOA.2",1954,2021,"Asunafo North Municipal","Rainfall"
"Gomoa_23036GOM",1954,1980,"Gomoa","Rainfall"
"Grube_08008GRU",1955,1986,"Krachi Nchumuru","Rainfall"
"Guabuluga_06019GUA",1961,1965,"West Mamprusi Municipal","Rainfall"
"Guashiegu_06000GUS",1954,2005,"Guashiegu","Rainfall"
"Gyengyen_07011GYE",1965,1967,"Sene East","Agromet"
"Half Assini_23016HAL",1939,2019,"Jomoro Municipal","Climate"
"Han_01001HAN",1955,2004,"Jirapa Municipal","Rainfall"
"Havi_15080HAV",1975,1990,"Akatsi South","Agromet"
"Havi_23028HAV",1975,1982,"Akatsi South","Agromet"
"Helu_07019HEL",1961,1983,"Hohoe Municipal","Rainfall"
"Hemang Twifu_23042HEM",1963,1983,"Heman Mpenkro","Rainfall"
"Hiawa_18008HIA",1954,2019,"Prestea-Huni Valley Municipal","Rainfall"
"Ho_07017HO-",1946,2023,"Ho Municipal","Synoptic"
"Ho_07058HO-",1962,2019,"Ho Municipal","Rainfall"
"Hodzo_15018HOD",1955,2006,"Ho Municipal","Rainfall"
"Hohoe_07016HOH",1939,2014,"Hohoe Municipal","Climate"
"Hohoe_07025HOH",1965,1975,"Hohoe Municipal","Rainfall"
"Honuta_07019HON",1928,1996,"Djelokofe","Rainfall"
"Huhunya_14039HAV",2009,2019,"Yilo Krobo Municipal","Agromet"
"Huhunya_14039HUH",1960,2022,"Yilo Krobo Municipal","Agromet"
"Hwidiem_16011HWI",1956,2021,"Asitifi","Rainfall"
"Inchaban_23000INC",1952,2012,"Shama","Climate"
"Insu_18030INS",1956,2013,"Prestea-Huni Valley Municipal","Rainfall"
"Jabeso_10006JAB",1956,2002,"Juabeso","Rainfall"
"Jama_01005JAM",1960,1998,"Bole","Rainfall"
"Jamasi_17018JAM",1956,2019,"Sekyere South","Rainfall"
"Japekrom_01022GYA",1960,2021,"Jaman South Municipal","Rainfall"
"Jasikan_07004JAS",1947,2019,"Jasikan","Rainfall"
"Jema_16009JEM",1939,1994,"Aowin","Rainfall"
"Jerigo-Lagu_07013JER",1960,1980,"North East Gonja","Rainfall"
"Jirapa_01002JIR",1955,1993,"Jirapa Municipal","Rainfall"
"Juaso_19006JUA",1933,2019,"Asante Akim South","Rainfall"
"Jukwa_23019JUK",1956,1998,"Twifo Hemang Lower Denkyira","Rainfall"
"KIAMO-Accra_23016ACC",1938,2023,"Okaikoi South","Synoptic"
"Kade_21017KAD",1951,2023,"Kwaebibirem","Climate"
"Kade_21018KAD",1957,1992,"Kwaebibirem","Experimental"
"Kade_21019KAD",1950,2008,"Kwaebibirem","Rainfall"
"Kade_21064KAD",1975,2008,"Kwaebibirem","Rainfall"
"Kadjebi_07030KAD",2006,2006,"Kadjebi","Rainfall"
"Kalba_01006KAL",1961,1963,"Sawla-Tuna-Kalba","Rainfall"
"Kaleo_01008KEO",1954,2019,"Nadowli-Kaleo","Rainfall"
"Kanayerebo_18007KAN",1947,2001,"BAB Municipal","Climate"
"Kanayerobo_18007KAN",1947,2001,"BAB Municipal","Climate"
"Kankan_21049KAN",1965,2013,"Atiwa","Rainfall"
"Karaga_04002KAR",1954,1978,"Karaga","Rainfall"
"Karatashie_04004KAR",1965,1990,"Tempane","Rainfall"
"Kasunya_07069KAS",1970,1976,"Shai Osudoku","Rainfall"
"Katamansu_23087KAT",1965,1973,"Ningo Prampram","Rainfall"
"Katanka_07013KAT",1961,1982,"Sene East","Rainfall"
"Katiejeli_08009KAT",1961,1990,"Kpandai","Rainfall"
"Kayoro_04000KAY",1956,1983,"Kasena Nankana West","Rainfall"
"Kengen_23019KEN",1954,1980,"Jomoro","Rainfall"
"Kenyasi_01000KEN",1956,2003,"Asutifi North","Rainfall"
"Keta_23015KET",1921,2005,"Keta Municipal","Climate"
"Kete-Krachi_07008KRA",1949,2019,"Krachi West","Synoptic"
"Kibi_21020KIB",1950,2023,"East Akim Municipal","Climate"
"Kintampo_01000KIN",1921,2021,"Kintampo North Municipal","Agromet"
"Kitare_09007KIT",1975,1982,"Kpandai","Rainfall"
"Klukpo_07056KLU",1961,1982,"Central Tongu","Rainfall"
"Kluma_07036KLU",1955,1980,"North Tongu","Rainfall"
"Ko_01010KO-",1954,1991,"Jirapa","Rainfall"
"Kofi Pare_23051KOF",1960,1992,"Ayensuano","Rainfall"
"Kofiase_14005KOF",1955,2008,"Mampong Municipal","Rainfall"
"Koforidua_22029KOF",1953,2017,"New-Juaben Municipal","Climate"
"Koforidua_22050KDA.1",1964,2023,"New-Juaben Municipal","Agromet"
"Koforidua_22050KDA.2",1964,2023,"New-Juaben Municipal","Synoptic"
"Kojopere_02011KOJ",1955,2021,"Daffiama Bussie Issa","Rainfall"
"Kokoti_17008KOK",1950,1966,"Ofinso","Rainfall"
"Kologu_04002KOL",1954,1990,"Kasena Nankana East","Rainfall"
"Komenda_23021KOM",1953,2019,"Na","Rainfall"
"Komenda_23040KOM",1964,2019,"Na","Agromet"
"Konongo_19007KON",1934,2010,"Asante Akim Central","Climate"
"Konongo_19007KOO",2006,2010,"Asante Akim Central","Climate"
"Kpandae_08002KPA",1953,2017,"Kpandai","Climate"
"Kpando_07017KPA.1",1958,2023,"Kpando Municipal","Agromet"
"Kpando_07017KPA.2",1958,2023,"Kpando Municipal","Climate"
"Kpando_07018KPA",1929,2019,"Kpando Municipal","Rainfall"
"Kpedze_09005KPE",1952,2023,"Ho-West","Climate"
"Kpedzeglo Mafi_07037KPE",1955,2023,"Hohoe","Climate"
"Kpetoe Botoe_15020KPE",1928,2005,"Agortime Ziope","Rainfall"
"Kpeve_07026KPE",1939,2017,"South Dayi","Agromet"
"Kpong_07006KPO",1954,2023,"Kpone Katamanso","Agromet"
"Kpong_07007KPO",1952,2008,"Kpone Katamanso","Rainfall"
"Kpoviadzi_07038KPO",1953,1977,"Central Tongu","Rainfall"
"Krachi Nkwanta_09003KRA",1959,2013,"Krachi West","Climate"
"Kudani_09002KUD",1954,1975,"Gushegu Municipal","Rainfall"
"Kue_09002KUE",1957,1981,"Nkwanta South","Rainfall"
"Kugri_04029KUG",1986,2012,"Garu Tempane","Agromet"
"Kukuom Ahafo_16012KUK",1956,1986,"Asunafo South","Rainfall"
"Kukurantumi_22037KUK",1960,2010,"Abuakwa North","Rainfall"
"Kumasi_17009KSI",1946,2023,"Kumasi","Synoptic"
"Kumasi_17010KUM",1950,1988,"Kumasi","Rainfall"
"Kumasi_17011KUM",1952,2019,"Kumasi","Rainfall"
"Kumasi_17036KUM",1960,2023,"Kumasi","Agromet"
"Kumasi_17045OPO",1968,1975,"Kumasi","Rainfall"
"Kumasi_17046KUM",2011,2011,"Kumasi","Rainfall"
"Kumawu_14019KUM",1953,2007,"Sekyere Kumawu","Rainfall"
"Kumbungu_04003KUM",1955,2012,"Kumbungu","Rainfall"
"Kunkungu_02009KUN",1954,2013,"Kumbungu","Rainfall"
"Kunsu_17053KUN",1991,1995,"Asante Akim South","Rainfall"
"Kusawgu_04003KUS",1955,2011,"Gonja Central","Rainfall"
"Kusi_21067KUS",1979,2023,"Denkyembour","Climate"
"Kwabeng_21021KWA",1955,2008,"Atiwa","Rainfall"
"Kwadaso_17012KWA",1952,2023,"Kumasi","Agromet"
"Kwamang_14042KWA",1965,1983,"Sekyere Kumawu","Rainfall"
"Kwame Danso_12004KWA",1953,2021,"Sene West","Rainfall"
"Kwamikrom_07006KWA",1955,1981,"Biakoye","Rainfall"
"Kwanyako_23080KWA",1965,2019,"Agona East","Climate"
"Lawra_01003LAW",1940,2014,"Lawra","Rainfall"
"Legon_23055LEG",1960,1967,"Ga East","Rainfall"
"Leklebi Dafo_07027LEK",1928,1980,"Afadzato South","Rainfall"
"Likpe_07007LIK",1955,1985,"Guan","Rainfall"
"Lupunya_07060LUP",1968,1976,"Shai Osudoku","Rainfall"
"Mafi Anfoe_07039MAF",1955,1982,"Bisikrom","Rainfall"
"Malshugu_07004MAL",1954,1981,"Tamale","Rainfall"
"Mamobi_23096ACC",2004,2021,"Ayawaso East Sub Metro","Rainfall"
"Mampong-Akwapim_14065MAM",1965,2019,"Akwapem North","Rainfall"
"Manga Bawku_04001MAN",1975,2022,"Bawku Municipal","Climate"
"Mangoase_22058MAN",1939,2003,"Akwapem North","Rainfall"
"Mankango_07012MAN",1973,2014,"North East Gonja","Agromet"
"Mankesim_23035MAN",1959,2008,"Mfantsiman","Rainfall"
"Mankranso_17041MAN",1966,2019,"Ahafo Ano South","Rainfall"
"Manso Amenfi_18010MAN",1956,1980,"Wassa Amenfi Central","Rainfall"
"Manso Wassaw_23031MAN",1946,1981,"Mpohor","Rainfall"
"Mape/Omape_16011MAP",1953,1980,"Aowin","Rainfall"
"Marbang_17043MAR",1965,1970,"Atwima Nwabiagya North","Rainfall"
"Maso_11023MAS",1965,1965,"Nkoranza North","Rainfall"
"Matse Have_07021MAT",1955,1989,"Ho Municipal","Rainfall"
"Mem Chemfere_07059MEM.1",2003,2016,"Kwahu Afram Plains North","Climate"
"Mem Chemfere_07059MEM.2",2003,2016,"Kwahu Afram Plains North","Rainfall"
"Menuso_07008MEN",1957,2008,"Kadjebi","Rainfall"
"Mepe_07071ADI",1972,1987,"North Tongu","Rainfall"
"Mepom_23052MEP",1960,2001,"Upper West Akim","Rainfall"
"Mframa_12016MFR",1974,1985,"Sene","Rainfall"
"Mim_16024MIM",1974,2021,"Asunafo North","Rainfall"
"Mirigu_04016MIR",1954,1963,"Kasenna Nankana","Rainfall"
"Mobole_23011MOB",1966,1976,"Ningo Prampram","Rainfall"
"Mole_01007MOL",1973,1985,"West Gonja","Climate"
"Morontuo_19037MOR",1960,1986,"Bosome Frehor","Rainfall"
"Mpakadan_07065MPA",1965,1983,"Asuogyeman","Rainfall"
"Mpataba_23017MPA",1956,1998,"Jomoro","Rainfall"
"Mpehuasem_23084MPE",1968,2023,"Ayawaso","Agromet"
"Mpesaso_16016MPE",1965,2010,"Ahafo Ano South","Rainfall"
"Mpeyo_07009MPE",1928,2019,"Kadjebi","Rainfall"
"Mpraeso_14044MPR",1950,2016,"Kwahu South","Climate"
"Nadawli_01012NAD",1955,2006,"Nadwoli","Rainfall"
"Nakrong_02012NAK",1967,2008,"Kasenna Nankana","Rainfall"
"Nalerigu_06008NAL",1952,1981,"East Mamprusi","Rainfall"
"Nandom_01004NAM",1955,2017,"Nandom","Rainfall"
"Nangodi_05009NAN",1954,1984,"Nabdam","Rainfall"
"Nankese_22033NAN",1959,2010,"Suhum","Rainfall"
"Nankpanduri_09010NAN",1954,2019,"Bumkpurugu-Nakpanduri","Rainfall"
"Nante_01015NAN",1966,1968,"Kintampo South","Rainfall"
"Nasia_06025NAS",1967,1983,"Gazeb","Climate"
"National Achives-Accra_23097ACC",2002,2023,"Ga Central","Rainfall"
"Natriku_07061NAT",1968,1976,"Akuse","Rainfall"
"Navrongo_04003NAV",1946,2023,"Kassena- Nankana","Synoptic"
"Nawchugu_09023NAW",1965,1969,"Gushegu Municipal","Rainfall"
"Nchira_01022NCH",1966,1996,"Wenchi Municipal","Rainfall"
"New Ayoma_07010NEW",1955,1986,"Kukurantumi","Rainfall"
"New Longoro_01002NEW",1953,1983,"Kintampo South","Rainfall"
"New Ningo_23000NEW",1956,1999,"New Ningo","Rainfall"
"New Somanya_07054NEW",1965,1977,"Yilo Krobo","Rainfall"
"Nkawie_17013NKA",1953,2012,"Atwima Nwabiagya North","Rainfall"
"Nkawkaw_19004NKA",1939,1966,"Nkwanta South","Rainfall"
"Nkawkaw_19043NKA",1963,2018,"Nkwanta South","Climate"
"Nkawkubew_07066NKW",1965,1993,"Asuogyaman","Rainfall"
"Nkinkanso_11002NKE",1956,2004,"Offinso North","Rainfall"
"Nkonya Ahenkro_07026NKO",1972,1988,"Biakoye","Rainfall"
"Nkoranza_11007NKO",1956,2017,"Nkoranza","Rainfall"
"Nkroful_23008NKR",1976,2014,"Ellembelle","Climate"
"Nkwanta No. 1_18030NKW",1972,2019,"Nkwanta","Rainfall"
"Nsawam_22027NSA",1932,2016,"Nsawan-Aoagyire Minicipal","Climate"
"Nsawkaw_01012NSA",1956,2021,"Tain","Rainfall"
"Nsoatre_01013NSO",1956,2021,"Sunyani West","Rainfall"
"Nsuaem-Kadadwene_18021NSU",1959,1982,"Tarkwa Nsuaem Municipal","Rainfall"
"Nsukawkaw_07014NSU",1976,2017,"Krachi East Municipal","Rainfall"
"Nsuta_14018NSU",1965,2019,"Sekyere Central","Rainfall"
"Ntoabema_13028NTO",1974,1982,"Sene East","Rainfall"
"Ntonso_17014NTO",1954,1985,"Kwabre East","Rainfall"
"Ntotroso_16023NTO",1962,2019,"Asutifi North","Rainfall"
"Ntronang_19002NTR",1939,2002,"New Abirem","Rainfall"
"Nungua_23012NUN",1953,2008,"Gulf Of Guinea","Rainfall"
"Nungua_23054NUN",1960,1975,"Gulf Of Guinea","Rainfall"
"Nyakrom_23042NYA",1956,2006,"Agona West Municipal","Rainfall"
"Nyamoase_11010NYA",1965,1984,"Atebubu-Amantin","Rainfall"
"Nyankpala_07012NYA.1",1952,2008,"Tolon","Agromet"
"Nyankpala_07012NYA.2",1952,2008,"Tolon","Climate"
"Nyanyanu_23043NYA",1956,1965,"Gomoa East","Rainfall"
"Nyinahin_17017NYI",1965,2017,"Atwima Mponua","Rainfall"
"Obo-Kwahu_19005OBO",1964,1980,"Kwahu South","Rainfall"
"Obuasi  Ashanti_17030OBU",1938,1971,"Obuasi Municipal","Rainfall"
"Obuasi Dankyira_18001OBU",1956,1980,"Obuasi Municipal","Rainfall"
"Obuasi_170390BU",2006,2012,"Obuasi Municipal","Climate"
"Obuasi_17039OBU",1961,2012,"Obuasi Municipal","Climate"
"Obutu_23044OBU",1956,1978,"Gomoa East","Rainfall"
"Odumase/Kunadukrom_14007ODU",1956,1981,"North Dayi","Rainfall"
"Odumasi_23078ODU",1954,1975,"Akwapem North","Rainfall"
"Offinso_17015OFF",1956,2011,"Kwabre East / Offinso","Rainfall"
"Ogoli_07074OGO",1976,1990,"Asuogyaman","Rainfall"
"Ohawu_23053OHA",1963,2023,"Ketu North","Agromet"
"Ohiamankyene_09012OHI",1979,1985,"Krachi West","Rainfall"
"Oketsew_23076OKE",1965,1979,"Awutu Senya","Rainfall"
"Onuku_14047ONU",1964,1983,"Somanya / Fanteakwa","Rainfall"
"Opon Valley_18032OPO",1954,2007,"Wassa Amenfi East","Rainfall"
"Oponsokese_18047OPO",1972,1980,"Upper Denkyira East Municipal","Rainfall"
"Osenase_21074OSE",1965,1976,"West Akim Municipal","Rainfall"
"Oshiyie_23013OSH",1955,1964,"Adenta Municipal","Rainfall"
"Osino_21022OSH",1976,1976,"Fanteakwa South","Rainfall"
"Osino_21022OSI",1956,1997,"Fanteakwa South","Rainfall"
"Osu Presby_23098ACC",1997,2018,"Klorley Klotey Municipal","Rainfall"
"Osudoku_07008OSU",1953,1973,"Shai Osudoku","Rainfall"
"Otumi_21023OTU",1956,1983,"Kwaebibirem","Rainfall"
"Owabi_17016OWA",1947,2023,"Owabi","Climate"
"Owuram_23028OWU",1953,1990,"West Akim","Rainfall"
"Oyarifa_23059OYA",1971,1989,"Pantang West","Climate"
"Oyoko_14026OYO",1948,2015,"New Juaben North Municipal","Rainfall"
"Paga_04004PAG",1956,2004,"Kasena Nankana West","Rainfall"
"Pakyi_17031PAK",1953,1983,"Amansie West","Rainfall"
"Palbe_07018PAL",1974,1983,"North East Gonja","Rainfall"
"Pankese_19030PAN",1956,2016,"Glinyigbatakpo ( Ahorlikope)","Climate"
"Papasi_07011PAP",1955,2013,"Kadjebi","Rainfall"
"Peki Blengo_07028PEK",1921,2019,"South Dayi","Rainfall"
"Pion_08014PIO",1972,1980,"Yendi","Rainfall"
"Poano_17033POA",1951,2006,"Bekwai Municipal","Rainfall"
"Pokoase_22014POK.1",1953,2019,"Ga West Municipal","Agromet"
"Pokoase_22014POK.2",1953,2019,"Ga West Municipal","Climate"
"Pokukrom_17011POK",1965,2017,"Fawaman","Rainfall"
"Pomadze_23089POM",1974,2013,"Effutu Municipal","Agromet"
"Pong Tamale_04005PON",1931,2021,"Savelugu-Nanton","Climate"
"Pore_07040POR",1955,1980,"North Tongu","Rainfall"
"Potsin_23045POT",1956,1978,"Gomoa","Rainfall"
"Prang_11006PRA",1956,2021,"Pru East","Climate"
"Prestea SHTS_TA00003",2015,2023,"Prestea- Huni Valley","Tahmo AWS"
"Prestea_18026PRE",1976,2007,"Prestea- Huni Valley","Climate"
"Pretsea_23001PRE",1971,2019,"Prestea- Huni Valley","Climate"
"Primase_12005PRI",1955,2021,"Sene East","Rainfall"
"Princes Town_23005PRI",1954,2012,"Ahanta West Municipal","Climate"
"Pusiga_04002PUS",1955,2003,"Pusiga","Rainfall"
"Pute_23023PUT",1965,1980,"Ada East","Rainfall"
"Pwalugu_04028PWA",1975,2002,"Pwalagu","Rainfall"
"Saboba_09000SAB",1954,2011,"Saboba","Rainfall"
"Saboba_0900SAB",2012,2012,"Saboba","Rainfall"
"Sakogu_06020SAK",1961,1980,"East Mamprusi","Rainfall"
"Salaga_07003SAL",1947,2019,"Salaga","Climate"
"Saltpond_23022SAL",1944,2023,"Saltpond","Synoptic"
"Samanhiya_13001SAM",1954,1976,"Somanhyia","Rainfall"
"Samoa_01005SAM",1955,1964,"Lambussie-Karni","Rainfall"
"Sampa_01014SAM",1951,2012,"Sampa","Rainfall"
"Samreboi_18020SAM",1956,2006,"Amenfi West Municipal","Rainfall"
"Sandema_04005SAN",1953,2003,"Builsa North","Rainfall"
"Sankpala_04005SLA",1976,1977,"Central Gonja","Rainfall"
"Sasekpe_07041SAS",1955,1977,"Central Tongu","Rainfall"
"Savelugu_04015SAV",1961,2018,"Savelugu-Nanton","Rainfall"
"Sawla_01002SAW",1955,2004,"Sawla-Tuna-Kalba","Rainfall"
"Sefwi  Wiawso_16008WIA",1969,2019,"Sefwi - Wiawso","Climate"
"Sefwi  Wiawso_16026WIA",1991,2021,"Sefwi - Wiawso","Rainfall"
"Sefwi Bekwai_16015BEK",1964,2023,"Bibiani Anhwiase Bekwai","Synoptic"
"Sefwi Wiawso_16026WIA",1991,2021,"Sefwi - Wiawso","Agromet"
"Sege_22001SEG",1958,1987,"Ningo Prampram","Climate"
"Seikwa_01015SEI",1956,1982,"Tain","Rainfall"
"Sekesua_14041SEK",1961,1991,"Bosome Freho","Rainfall"
"Sekodumasi_14012SEK",1965,2006,"Ejura-Sekyedumase","Rainfall"
"Sekondi_23006SEK",1962,2008,"Sekondi-Takoradi Metro","Rainfall"
"Senchi_07009SEN",1953,1987,"Asuogyaman","Rainfall"
"Senya Bereku_23046SEN",1956,1978,"Awutu�Senya","Rainfall"
"Sese_23002SES",1946,1976,"Ahanta West Municipal","Rainfall"
"Shai Hills_23012SHA",1955,1967,"Shai Osudoku","Climate"
"Shia_15022SHI",1955,1983,"Ho Municipal","Rainfall"
"Shiare_09004SHI",1956,1975,"Tarkwa Nsuaem","Rainfall"
"Simpa_18012SIM",1956,1981,"Tarkwa Nsuaem Minicipal","Rainfall"
"Sogakope_07010SOG",1953,2019,"South Tongu","Rainfall"
"Sokode Bagble_07023SOK",1954,1983,"Ho West","Rainfall"
"Somanya_07028SOM",1957,1975,"Yilo Krobo","Climate"
"Somanya_07053SOM",1965,2019,"Yilo Krobo","Climate"
"Sovie_07075SOV",1973,1981,"Kpando Municipal","Rainfall"
"Srogboe_23016SRO",1961,1977,"Keta Municipal","Rainfall"
"Subri_18037SUB",1961,1983,"Wassa East","Rainfall"
"Subriso_16028SUB",1965,1987,"Sene East","Rainfall"
"Suhia Asikuma_10026SUH",1965,1977,"Sekyere Afram Plains North","Rainfall"
"Suhum_22032SUH",1939,2008,"Suhum Minicipal","Rainfall"
"Suku Suku_18022SUK",1944,1977,"Nzema East","Rainfall"
"Sunyani_01016SUN",1921,2019,"Sunyani Minicipal","Rainfall"
"Sunyani_01017SUN",1956,2018,"Sunyani Minicipal","Climate"
"Sunyani_01030SUN",1969,1972,"Sunyani Minicipal","Rainfall"
"Sunyani_01032SUN",1974,2023,"Sunyani Minicipal","Synoptic"
"Tadzewu_23054TAD",1953,1982,"Ketu North","Rainfall"
"Tafo Kwahu_14008TAF",1977,2016,"Kwahu South","Climate"
"Tafo_22024TAF",1950,2010,"Abuakwa North","Agromet"
"Takinta Camp_23018TAK",1956,1976,"Jomoro","Rainfall"
"Takoradi_23003TDI",1976,2023,"Sekondi-Takoradi Metro","Synoptic"
"Takoradi_23005TAK",1962,2018,"Sekondi-Takoradi Metro","Rainfall"
"Takoradi_23007TAK",1953,2018,"Sekondi-Takoradi Metro","Rainfall"
"Takrabe_07012TAK",1955,1979,"Jasikan","Rainfall"
"Tamale_07006TLE",1944,2023,"Tamale Metropolitan","Synoptic"
"Tamale_07007TAM",1953,1985,"Tamale Metropolitan","Rainfall"
"Tamale_07019TAM",1975,2007,"Tamale Metropolitan","Rainfall"
"Tamale_07020TAM",1952,2018,"Tamale Metropolitan","Rainfall"
"Tamatoku_23022TAM",1965,1984,"Ada East","Rainfall"
"Tanoso_16026TAN",2000,2006,"Techiman Municipal","Rainfall"
"Tarkwa-U.M.A.T._18033TAR",1912,2019,"Tarkwa Nsuaem Minicipal","Climate"
"Tease_14009TEA",1954,1990,"Kwahu Afram Plains South","Rainfall"
"Techiman_16008TEC",1955,2021,"Techiman Municipal","Rainfall"
"Tema_23013TEM",1954,2019,"Afigya Kwabre","Rainfall"
"Tema_23024TEM",1965,2023,"Afigya Kwabre","Synoptic"
"Tepa_16001TEP",1952,2007,"Ahafo Ano North","Rainfall"
"Teteman_07013TET",1955,1983,"Jasikan","Rainfall"
"Tetrim_17024TET",1965,1988,"Afigya Kwabre North","Rainfall"
"Tikobo_23063TIK",1963,1978,"Jomoro","Rainfall"
"Tinkong_14068TIN",1965,2005,"Akwapem North","Rainfall"
"Tolon_04006TOL",1961,1979,"Tolon","Rainfall"
"Tonkaw (Tongor)_07072TON",1972,1988,"South Dayi","Rainfall"
"Tono_04006TON",1954,1966,"Builsa North","Rainfall"
"Trumiso_01019TRU",1956,1982,"Wenchi Municipal","Rainfall"
"Tsito_07043TSI",1955,1975,"Tsito","Rainfall"
"Tsito_07055TSI",1959,2021,"Tsito","Climate"
"Tugu_07009TUG",1955,1981,"Tamale Metropolitan","Rainfall"
"Tumu_02010TUM",1950,2014,"Tumu","Rainfall"
"Tuna_02003TUN",1955,2021,"Sawla-Tuna-Kalba","Agromet"
"Tutukpene_09005TUT",1955,1982,"Nkwanta South Municipal","Rainfall"
"Twifo Praso_23023TWI.1",1974,2019,"Twifo Atti Morkwa","Climate"
"Twifo Praso_23023TWI.2",1974,2019,"Twifo Atti Morkwa","Agromet"
"Vea_04026VEA",1972,2022,"Na","Agromet"
"Vere_01004VER",1955,2006,"Wa West","Rainfall"
"Volo_07044VOL",1958,1982,"North Tongu","Rainfall"
"Wa_01013WA-",1952,2022,"Wa Municipal","Synoptic"
"Walembele_02011WAL",1955,2015,"Ellembelle","Rainfall"
"Walewale_06013WAL",1961,2019,"Mamprusi West Municipal","Climate"
"Wamfie_10020WAM",1956,2021,"Dormaa East","Rainfall"
"Wapuli_09002WAP",1965,1993,"Mion","Rainfall"
"Wawjawga_09004WAW",1976,1979,"Saboba","Rainfall"
"Wechiau_01005WEC",1953,2013,"Wa West","Rainfall"
"Weija-Accra_23002AWW",1953,2023,"Gbawe Municipal","Rainfall"
"Weija_22020WEI",1952,2017,"Ga South","Climate"
"Weija_23092WEI",1991,2017,"Ga South","Agromet"
"Wenchi_01018WEN",1950,2023,"Wenchi Municipal","Synoptic"
"Wiaga_04007WIA",1954,2007,"Builsa North","Rainfall"
"Wiawso_16013WIA",1956,1976,"Ahafo Ano South West","Rainfall"
"Winneba_23047WIN",1950,1965,"Effutu Municipal","Rainfall"
"Winneba_23048WIN",1921,2018,"Effutu Municipal","Rainfall"
"Winneba_23067WIN",1964,2022,"Effutu Municipal","Climate"
"Worawora_07014WOR",1939,2013,"Biakoye","Rainfall"
"Workpe_07045WOR",1976,2012,"Central Tongu","Rainfall"
"Wurinyaga_04024WUR",1965,2004,"Tempane","Rainfall"
"Wurupong_07015WUR",1954,1985,"Jasikan","Rainfall"
"Wusuta_07029WUS",1952,1989,"Anfoega","Rainfall"
"Yapei_04007YAP",1955,2004,"Central Gonja","Rainfall"
"Yeji_07004YEJ",2006,2021,"Pru East","Rainfall"
"Yendi_08010YDI",1950,2023,"Yendi","Synoptic"
"Yendi_08016YEN",1961,2018,"Yendi","Rainfall"
"Yendi_08017YEN",1961,1976,"Yendi","Rainfall"
"Zabzungu_09001ZAB",1954,2019,"Zabzugu","Rainfall"
"Zan_08011ZAN",1991,1992,"Mion","Rainfall"
"Ziope_15024ZIO",1955,1981,"Ziope","Rainfall"
"Zomayi (Zuma)_07046ZOM",1955,1963,"North Tongu","Rainfall"
"Zongo Macheri_08011ZON",1967,1993,"Krachi Nchumuru","Climate"
"Zongori_04014ZON",1955,1960,"Bawku West","Rainfall"
"Zuarungu_04015ZUA",1939,2022,"Bolga East","Agromet"
